[{"model": "contenttypes.contenttype", "pk": 1, "fields": {"app_label": "admin", "model": "logentry"}}, {"model": "contenttypes.contenttype", "pk": 2, "fields": {"app_label": "auth", "model": "permission"}}, {"model": "contenttypes.contenttype", "pk": 3, "fields": {"app_label": "auth", "model": "group"}}, {"model": "contenttypes.contenttype", "pk": 4, "fields": {"app_label": "auth", "model": "user"}}, {"model": "contenttypes.contenttype", "pk": 5, "fields": {"app_label": "contenttypes", "model": "contenttype"}}, {"model": "contenttypes.contenttype", "pk": 6, "fields": {"app_label": "sessions", "model": "session"}}, {"model": "contenttypes.contenttype", "pk": 7, "fields": {"app_label": "blog", "model": "blog"}}, {"model": "contenttypes.contenttype", "pk": 8, "fields": {"app_label": "blog", "model": "blogtype"}}, {"model": "contenttypes.contenttype", "pk": 9, "fields": {"app_label": "blog", "model": "readnum"}}, {"model": "contenttypes.contenttype", "pk": 10, "fields": {"app_label": "read_statistics", "model": "readnum"}}, {"model": "contenttypes.contenttype", "pk": 11, "fields": {"app_label": "read_statistics", "model": "readdetail"}}, {"model": "contenttypes.contenttype", "pk": 12, "fields": {"app_label": "comment", "model": "comment"}}, {"model": "contenttypes.contenttype", "pk": 13, "fields": {"app_label": "likes", "model": "likecount"}}, {"model": "contenttypes.contenttype", "pk": 14, "fields": {"app_label": "likes", "model": "likerecord"}}, {"model": "contenttypes.contenttype", "pk": 15, "fields": {"app_label": "user", "model": "profile"}}, {"model": "sessions.session", "pk": "3iicdzc5olyd3b5jzrzo3yfxpgkkhpxx", "fields": {"session_data": "NmQxNGI1NDZmN2QyYmEyMTMyYTlhNTJlYjExMmNmZDk0NTY2OWVkNTp7Il9hdXRoX3VzZXJfaWQiOiIxIiwiX2F1dGhfdXNlcl9iYWNrZW5kIjoiZGphbmdvLmNvbnRyaWIuYXV0aC5iYWNrZW5kcy5Nb2RlbEJhY2tlbmQiLCJfYXV0aF91c2VyX2hhc2giOiI1NTRjNTU3NjI5OTE2MTc3Y2U2YWMxMmFjMmRmNWViMzQ5NDNkYzcwIn0=", "expire_date": "2019-01-24T03:02:12.358Z"}}, {"model": "sessions.session", "pk": "caa4t7v2ukctbgmqbi4uwxwvqo97mfs9", "fields": {"session_data": "NmQxNGI1NDZmN2QyYmEyMTMyYTlhNTJlYjExMmNmZDk0NTY2OWVkNTp7Il9hdXRoX3VzZXJfaWQiOiIxIiwiX2F1dGhfdXNlcl9iYWNrZW5kIjoiZGphbmdvLmNvbnRyaWIuYXV0aC5iYWNrZW5kcy5Nb2RlbEJhY2tlbmQiLCJfYXV0aF91c2VyX2hhc2giOiI1NTRjNTU3NjI5OTE2MTc3Y2U2YWMxMmFjMmRmNWViMzQ5NDNkYzcwIn0=", "expire_date": "2019-01-30T13:15:48.031Z"}}, {"model": "sessions.session", "pk": "cvfotbu6kttmiy3rkad4qd2fuvqd4sog", "fields": {"session_data": "ZjU5ZGU1NWFhNGNiNTkxOTBkM2IzOTcxZDU1Yzg2ZThhZDAzMDYzZTp7Il9hdXRoX3VzZXJfaWQiOiIyIiwiX2F1dGhfdXNlcl9iYWNrZW5kIjoiZGphbmdvLmNvbnRyaWIuYXV0aC5iYWNrZW5kcy5Nb2RlbEJhY2tlbmQiLCJfYXV0aF91c2VyX2hhc2giOiIwZGNmNGRlNDNjZWVlMGZlNTJhNmFhMmYwNjdlOGFkZDBlMGIxOTQwIn0=", "expire_date": "2019-01-23T07:23:11.669Z"}}, {"model": "sessions.session", "pk": "mwfynouz0ise7oh6itua6ichu5n0bing", "fields": {"session_data": "NmQxNGI1NDZmN2QyYmEyMTMyYTlhNTJlYjExMmNmZDk0NTY2OWVkNTp7Il9hdXRoX3VzZXJfaWQiOiIxIiwiX2F1dGhfdXNlcl9iYWNrZW5kIjoiZGphbmdvLmNvbnRyaWIuYXV0aC5iYWNrZW5kcy5Nb2RlbEJhY2tlbmQiLCJfYXV0aF91c2VyX2hhc2giOiI1NTRjNTU3NjI5OTE2MTc3Y2U2YWMxMmFjMmRmNWViMzQ5NDNkYzcwIn0=", "expire_date": "2019-01-25T09:12:48.778Z"}}, {"model": "sessions.session", "pk": "tny3923z2mdsq2dknrkbjnuhf52zqt84", "fields": {"session_data": "NmQxNGI1NDZmN2QyYmEyMTMyYTlhNTJlYjExMmNmZDk0NTY2OWVkNTp7Il9hdXRoX3VzZXJfaWQiOiIxIiwiX2F1dGhfdXNlcl9iYWNrZW5kIjoiZGphbmdvLmNvbnRyaWIuYXV0aC5iYWNrZW5kcy5Nb2RlbEJhY2tlbmQiLCJfYXV0aF91c2VyX2hhc2giOiI1NTRjNTU3NjI5OTE2MTc3Y2U2YWMxMmFjMmRmNWViMzQ5NDNkYzcwIn0=", "expire_date": "2019-01-24T08:03:50.179Z"}}, {"model": "sessions.session", "pk": "u11uie5gxuzfr2j6sacgh2opi8hwt9vk", "fields": {"session_data": "NmQxNGI1NDZmN2QyYmEyMTMyYTlhNTJlYjExMmNmZDk0NTY2OWVkNTp7Il9hdXRoX3VzZXJfaWQiOiIxIiwiX2F1dGhfdXNlcl9iYWNrZW5kIjoiZGphbmdvLmNvbnRyaWIuYXV0aC5iYWNrZW5kcy5Nb2RlbEJhY2tlbmQiLCJfYXV0aF91c2VyX2hhc2giOiI1NTRjNTU3NjI5OTE2MTc3Y2U2YWMxMmFjMmRmNWViMzQ5NDNkYzcwIn0=", "expire_date": "2019-01-30T13:15:38.013Z"}}, {"model": "sessions.session", "pk": "xf9fj6kxrav76j0u7nxr1op37w0x55e8", "fields": {"session_data": "NmQxNGI1NDZmN2QyYmEyMTMyYTlhNTJlYjExMmNmZDk0NTY2OWVkNTp7Il9hdXRoX3VzZXJfaWQiOiIxIiwiX2F1dGhfdXNlcl9iYWNrZW5kIjoiZGphbmdvLmNvbnRyaWIuYXV0aC5iYWNrZW5kcy5Nb2RlbEJhY2tlbmQiLCJfYXV0aF91c2VyX2hhc2giOiI1NTRjNTU3NjI5OTE2MTc3Y2U2YWMxMmFjMmRmNWViMzQ5NDNkYzcwIn0=", "expire_date": "2019-02-01T10:08:33.541Z"}}, {"model": "sessions.session", "pk": "xhg8t1a4i8priiccoj7hefrum7rgt3i7", "fields": {"session_data": "NmQxNGI1NDZmN2QyYmEyMTMyYTlhNTJlYjExMmNmZDk0NTY2OWVkNTp7Il9hdXRoX3VzZXJfaWQiOiIxIiwiX2F1dGhfdXNlcl9iYWNrZW5kIjoiZGphbmdvLmNvbnRyaWIuYXV0aC5iYWNrZW5kcy5Nb2RlbEJhY2tlbmQiLCJfYXV0aF91c2VyX2hhc2giOiI1NTRjNTU3NjI5OTE2MTc3Y2U2YWMxMmFjMmRmNWViMzQ5NDNkYzcwIn0=", "expire_date": "2019-01-08T03:48:14.334Z"}}, {"model": "sessions.session", "pk": "xupe3ekrl4fet3eh3c0xskb3ygu8mf58", "fields": {"session_data": "NmQxNGI1NDZmN2QyYmEyMTMyYTlhNTJlYjExMmNmZDk0NTY2OWVkNTp7Il9hdXRoX3VzZXJfaWQiOiIxIiwiX2F1dGhfdXNlcl9iYWNrZW5kIjoiZGphbmdvLmNvbnRyaWIuYXV0aC5iYWNrZW5kcy5Nb2RlbEJhY2tlbmQiLCJfYXV0aF91c2VyX2hhc2giOiI1NTRjNTU3NjI5OTE2MTc3Y2U2YWMxMmFjMmRmNWViMzQ5NDNkYzcwIn0=", "expire_date": "2019-01-12T02:45:46.311Z"}}, {"model": "sessions.session", "pk": "ykm91o3m0n1jclzeyo5l9fy7nx8agbn4", "fields": {"session_data": "NmQxNGI1NDZmN2QyYmEyMTMyYTlhNTJlYjExMmNmZDk0NTY2OWVkNTp7Il9hdXRoX3VzZXJfaWQiOiIxIiwiX2F1dGhfdXNlcl9iYWNrZW5kIjoiZGphbmdvLmNvbnRyaWIuYXV0aC5iYWNrZW5kcy5Nb2RlbEJhY2tlbmQiLCJfYXV0aF91c2VyX2hhc2giOiI1NTRjNTU3NjI5OTE2MTc3Y2U2YWMxMmFjMmRmNWViMzQ5NDNkYzcwIn0=", "expire_date": "2019-01-09T14:01:13.563Z"}}, {"model": "blog.blogtype", "pk": 1, "fields": {"type_name": "Django"}}, {"model": "blog.blogtype", "pk": 2, "fields": {"type_name": "\u968f\u7b14"}}, {"model": "blog.blogtype", "pk": 3, "fields": {"type_name": "\u611f\u609f"}}, {"model": "blog.blogtype", "pk": 4, "fields": {"type_name": "\u5176\u4ed6"}}, {"model": "read_statistics.readnum", "pk": 1, "fields": {"read_num": 81, "content_type": 7, "object_id": 36}}, {"model": "read_statistics.readnum", "pk": 2, "fields": {"read_num": 68, "content_type": 7, "object_id": 35}}, {"model": "read_statistics.readnum", "pk": 3, "fields": {"read_num": 12, "content_type": 7, "object_id": 34}}, {"model": "read_statistics.readnum", "pk": 4, "fields": {"read_num": 6, "content_type": 7, "object_id": 32}}, {"model": "read_statistics.readnum", "pk": 5, "fields": {"read_num": 4, "content_type": 7, "object_id": 31}}, {"model": "read_statistics.readnum", "pk": 6, "fields": {"read_num": 7, "content_type": 7, "object_id": 30}}, {"model": "read_statistics.readnum", "pk": 7, "fields": {"read_num": 2, "content_type": 7, "object_id": 1}}, {"model": "read_statistics.readnum", "pk": 8, "fields": {"read_num": 5, "content_type": 7, "object_id": 33}}, {"model": "read_statistics.readnum", "pk": 9, "fields": {"read_num": 1, "content_type": 7, "object_id": 19}}, {"model": "read_statistics.readnum", "pk": 10, "fields": {"read_num": 1, "content_type": 7, "object_id": 21}}, {"model": "read_statistics.readnum", "pk": 11, "fields": {"read_num": 12, "content_type": 7, "object_id": 22}}, {"model": "read_statistics.readnum", "pk": 12, "fields": {"read_num": 3, "content_type": 7, "object_id": 29}}, {"model": "read_statistics.readdetail", "pk": 10, "fields": {"date": "2019-01-03", "read_num": 10, "content_type": 7, "object_id": 1}}, {"model": "read_statistics.readdetail", "pk": 13, "fields": {"date": "2019-01-05", "read_num": 2, "content_type": 7, "object_id": 35}}, {"model": "read_statistics.readdetail", "pk": 14, "fields": {"date": "2019-01-08", "read_num": 1, "content_type": 7, "object_id": 1}}, {"model": "read_statistics.readdetail", "pk": 16, "fields": {"date": "2019-01-08", "read_num": 16, "content_type": 7, "object_id": 35}}, {"model": "read_statistics.readdetail", "pk": 18, "fields": {"date": "2019-01-09", "read_num": 3, "content_type": 7, "object_id": 35}}, {"model": "read_statistics.readdetail", "pk": 19, "fields": {"date": "2019-01-09", "read_num": 1, "content_type": 7, "object_id": 34}}, {"model": "read_statistics.readdetail", "pk": 20, "fields": {"date": "2019-01-09", "read_num": 1, "content_type": 7, "object_id": 32}}, {"model": "read_statistics.readdetail", "pk": 21, "fields": {"date": "2019-01-09", "read_num": 1, "content_type": 7, "object_id": 33}}, {"model": "read_statistics.readdetail", "pk": 22, "fields": {"date": "2019-01-09", "read_num": 1, "content_type": 7, "object_id": 19}}, {"model": "read_statistics.readdetail", "pk": 23, "fields": {"date": "2019-01-09", "read_num": 1, "content_type": 7, "object_id": 21}}, {"model": "read_statistics.readdetail", "pk": 24, "fields": {"date": "2019-01-10", "read_num": 1, "content_type": 7, "object_id": 22}}, {"model": "read_statistics.readdetail", "pk": 26, "fields": {"date": "2019-01-10", "read_num": 1, "content_type": 7, "object_id": 35}}, {"model": "read_statistics.readdetail", "pk": 28, "fields": {"date": "2019-01-11", "read_num": 11, "content_type": 7, "object_id": 22}}, {"model": "read_statistics.readdetail", "pk": 29, "fields": {"date": "2019-01-11", "read_num": 3, "content_type": 7, "object_id": 30}}, {"model": "read_statistics.readdetail", "pk": 30, "fields": {"date": "2019-01-12", "read_num": 2, "content_type": 7, "object_id": 30}}, {"model": "read_statistics.readdetail", "pk": 32, "fields": {"date": "2019-01-12", "read_num": 2, "content_type": 7, "object_id": 34}}, {"model": "read_statistics.readdetail", "pk": 33, "fields": {"date": "2019-01-12", "read_num": 2, "content_type": 7, "object_id": 33}}, {"model": "read_statistics.readdetail", "pk": 34, "fields": {"date": "2019-01-12", "read_num": 3, "content_type": 7, "object_id": 32}}, {"model": "read_statistics.readdetail", "pk": 35, "fields": {"date": "2019-01-12", "read_num": 3, "content_type": 7, "object_id": 31}}, {"model": "read_statistics.readdetail", "pk": 36, "fields": {"date": "2019-01-12", "read_num": 1, "content_type": 7, "object_id": 35}}, {"model": "read_statistics.readdetail", "pk": 37, "fields": {"date": "2019-01-12", "read_num": 1, "content_type": 7, "object_id": 29}}, {"model": "read_statistics.readdetail", "pk": 38, "fields": {"date": "2019-01-15", "read_num": 2, "content_type": 7, "object_id": 29}}, {"model": "read_statistics.readdetail", "pk": 39, "fields": {"date": "2019-01-15", "read_num": 1, "content_type": 7, "object_id": 30}}, {"model": "read_statistics.readdetail", "pk": 40, "fields": {"date": "2019-01-15", "read_num": 7, "content_type": 7, "object_id": 35}}, {"model": "read_statistics.readdetail", "pk": 41, "fields": {"date": "2019-01-16", "read_num": 26, "content_type": 7, "object_id": 35}}, {"model": "read_statistics.readdetail", "pk": 42, "fields": {"date": "2019-01-16", "read_num": 8, "content_type": 7, "object_id": 34}}, {"model": "read_statistics.readdetail", "pk": 43, "fields": {"date": "2019-01-16", "read_num": 1, "content_type": 7, "object_id": 32}}, {"model": "read_statistics.readdetail", "pk": 44, "fields": {"date": "2019-01-16", "read_num": 1, "content_type": 7, "object_id": 33}}, {"model": "read_statistics.readdetail", "pk": 45, "fields": {"date": "2019-01-17", "read_num": 5, "content_type": 7, "object_id": 35}}, {"model": "read_statistics.readdetail", "pk": 46, "fields": {"date": "2019-01-18", "read_num": 5, "content_type": 7, "object_id": 35}}, {"model": "likes.likecount", "pk": 1, "fields": {"content_type": 7, "object_id": 35, "liked_num": 1}}, {"model": "likes.likecount", "pk": 2, "fields": {"content_type": 7, "object_id": 34, "liked_num": 1}}, {"model": "likes.likecount", "pk": 3, "fields": {"content_type": 7, "object_id": 33, "liked_num": 0}}, {"model": "likes.likecount", "pk": 4, "fields": {"content_type": 7, "object_id": 32, "liked_num": 0}}, {"model": "likes.likecount", "pk": 5, "fields": {"content_type": 7, "object_id": 31, "liked_num": 0}}, {"model": "likes.likecount", "pk": 6, "fields": {"content_type": 7, "object_id": 30, "liked_num": 0}}, {"model": "likes.likecount", "pk": 7, "fields": {"content_type": 7, "object_id": 29, "liked_num": 0}}, {"model": "likes.likecount", "pk": 8, "fields": {"content_type": 12, "object_id": 115, "liked_num": 1}}, {"model": "likes.likecount", "pk": 9, "fields": {"content_type": 12, "object_id": 116, "liked_num": 0}}, {"model": "likes.likecount", "pk": 10, "fields": {"content_type": 12, "object_id": 117, "liked_num": 0}}, {"model": "likes.likecount", "pk": 11, "fields": {"content_type": 12, "object_id": 118, "liked_num": 0}}, {"model": "likes.likecount", "pk": 12, "fields": {"content_type": 12, "object_id": 112, "liked_num": 0}}, {"model": "likes.likecount", "pk": 13, "fields": {"content_type": 12, "object_id": 113, "liked_num": 0}}, {"model": "likes.likecount", "pk": 14, "fields": {"content_type": 12, "object_id": 114, "liked_num": 0}}, {"model": "likes.likecount", "pk": 15, "fields": {"content_type": 12, "object_id": 110, "liked_num": 0}}, {"model": "likes.likecount", "pk": 16, "fields": {"content_type": 12, "object_id": 111, "liked_num": 0}}, {"model": "likes.likecount", "pk": 17, "fields": {"content_type": 12, "object_id": 108, "liked_num": 0}}, {"model": "likes.likecount", "pk": 18, "fields": {"content_type": 12, "object_id": 109, "liked_num": 0}}, {"model": "likes.likecount", "pk": 19, "fields": {"content_type": 12, "object_id": 106, "liked_num": 0}}, {"model": "likes.likecount", "pk": 20, "fields": {"content_type": 12, "object_id": 107, "liked_num": 0}}, {"model": "likes.likecount", "pk": 21, "fields": {"content_type": 12, "object_id": 103, "liked_num": 0}}, {"model": "likes.likecount", "pk": 22, "fields": {"content_type": 12, "object_id": 104, "liked_num": 0}}, {"model": "likes.likecount", "pk": 23, "fields": {"content_type": 12, "object_id": 105, "liked_num": 0}}, {"model": "likes.likecount", "pk": 24, "fields": {"content_type": 12, "object_id": 98, "liked_num": 0}}, {"model": "likes.likecount", "pk": 25, "fields": {"content_type": 12, "object_id": 99, "liked_num": 0}}, {"model": "likes.likecount", "pk": 26, "fields": {"content_type": 12, "object_id": 100, "liked_num": 0}}, {"model": "likes.likecount", "pk": 27, "fields": {"content_type": 12, "object_id": 101, "liked_num": 0}}, {"model": "likes.likecount", "pk": 28, "fields": {"content_type": 12, "object_id": 102, "liked_num": 0}}, {"model": "likes.likecount", "pk": 29, "fields": {"content_type": 12, "object_id": 97, "liked_num": 0}}, {"model": "likes.likecount", "pk": 30, "fields": {"content_type": 12, "object_id": 96, "liked_num": 0}}, {"model": "likes.likecount", "pk": 31, "fields": {"content_type": 12, "object_id": 95, "liked_num": 0}}, {"model": "likes.likecount", "pk": 32, "fields": {"content_type": 12, "object_id": 2, "liked_num": 0}}, {"model": "likes.likecount", "pk": 33, "fields": {"content_type": 12, "object_id": 119, "liked_num": 0}}, {"model": "likes.likecount", "pk": 34, "fields": {"content_type": 12, "object_id": 120, "liked_num": 0}}, {"model": "likes.likecount", "pk": 35, "fields": {"content_type": 12, "object_id": 121, "liked_num": 0}}, {"model": "likes.likecount", "pk": 36, "fields": {"content_type": 12, "object_id": 122, "liked_num": 0}}, {"model": "likes.likecount", "pk": 37, "fields": {"content_type": 12, "object_id": 123, "liked_num": 0}}, {"model": "likes.likecount", "pk": 38, "fields": {"content_type": 12, "object_id": 125, "liked_num": 0}}, {"model": "likes.likecount", "pk": 39, "fields": {"content_type": 12, "object_id": 124, "liked_num": 0}}, {"model": "likes.likecount", "pk": 40, "fields": {"content_type": 12, "object_id": 126, "liked_num": 0}}, {"model": "likes.likecount", "pk": 41, "fields": {"content_type": 12, "object_id": 128, "liked_num": 0}}, {"model": "likes.likecount", "pk": 42, "fields": {"content_type": 12, "object_id": 127, "liked_num": 0}}, {"model": "auth.permission", "pk": 1, "fields": {"name": "Can add log entry", "content_type": 1, "codename": "add_logentry"}}, {"model": "auth.permission", "pk": 2, "fields": {"name": "Can change log entry", "content_type": 1, "codename": "change_logentry"}}, {"model": "auth.permission", "pk": 3, "fields": {"name": "Can delete log entry", "content_type": 1, "codename": "delete_logentry"}}, {"model": "auth.permission", "pk": 4, "fields": {"name": "Can view log entry", "content_type": 1, "codename": "view_logentry"}}, {"model": "auth.permission", "pk": 5, "fields": {"name": "Can add permission", "content_type": 2, "codename": "add_permission"}}, {"model": "auth.permission", "pk": 6, "fields": {"name": "Can change permission", "content_type": 2, "codename": "change_permission"}}, {"model": "auth.permission", "pk": 7, "fields": {"name": "Can delete permission", "content_type": 2, "codename": "delete_permission"}}, {"model": "auth.permission", "pk": 8, "fields": {"name": "Can view permission", "content_type": 2, "codename": "view_permission"}}, {"model": "auth.permission", "pk": 9, "fields": {"name": "Can add group", "content_type": 3, "codename": "add_group"}}, {"model": "auth.permission", "pk": 10, "fields": {"name": "Can change group", "content_type": 3, "codename": "change_group"}}, {"model": "auth.permission", "pk": 11, "fields": {"name": "Can delete group", "content_type": 3, "codename": "delete_group"}}, {"model": "auth.permission", "pk": 12, "fields": {"name": "Can view group", "content_type": 3, "codename": "view_group"}}, {"model": "auth.permission", "pk": 13, "fields": {"name": "Can add user", "content_type": 4, "codename": "add_user"}}, {"model": "auth.permission", "pk": 14, "fields": {"name": "Can change user", "content_type": 4, "codename": "change_user"}}, {"model": "auth.permission", "pk": 15, "fields": {"name": "Can delete user", "content_type": 4, "codename": "delete_user"}}, {"model": "auth.permission", "pk": 16, "fields": {"name": "Can view user", "content_type": 4, "codename": "view_user"}}, {"model": "auth.permission", "pk": 17, "fields": {"name": "Can add content type", "content_type": 5, "codename": "add_contenttype"}}, {"model": "auth.permission", "pk": 18, "fields": {"name": "Can change content type", "content_type": 5, "codename": "change_contenttype"}}, {"model": "auth.permission", "pk": 19, "fields": {"name": "Can delete content type", "content_type": 5, "codename": "delete_contenttype"}}, {"model": "auth.permission", "pk": 20, "fields": {"name": "Can view content type", "content_type": 5, "codename": "view_contenttype"}}, {"model": "auth.permission", "pk": 21, "fields": {"name": "Can add session", "content_type": 6, "codename": "add_session"}}, {"model": "auth.permission", "pk": 22, "fields": {"name": "Can change session", "content_type": 6, "codename": "change_session"}}, {"model": "auth.permission", "pk": 23, "fields": {"name": "Can delete session", "content_type": 6, "codename": "delete_session"}}, {"model": "auth.permission", "pk": 24, "fields": {"name": "Can view session", "content_type": 6, "codename": "view_session"}}, {"model": "auth.permission", "pk": 25, "fields": {"name": "Can add blog", "content_type": 7, "codename": "add_blog"}}, {"model": "auth.permission", "pk": 26, "fields": {"name": "Can change blog", "content_type": 7, "codename": "change_blog"}}, {"model": "auth.permission", "pk": 27, "fields": {"name": "Can delete blog", "content_type": 7, "codename": "delete_blog"}}, {"model": "auth.permission", "pk": 28, "fields": {"name": "Can view blog", "content_type": 7, "codename": "view_blog"}}, {"model": "auth.permission", "pk": 29, "fields": {"name": "Can add blog type", "content_type": 8, "codename": "add_blogtype"}}, {"model": "auth.permission", "pk": 30, "fields": {"name": "Can change blog type", "content_type": 8, "codename": "change_blogtype"}}, {"model": "auth.permission", "pk": 31, "fields": {"name": "Can delete blog type", "content_type": 8, "codename": "delete_blogtype"}}, {"model": "auth.permission", "pk": 32, "fields": {"name": "Can view blog type", "content_type": 8, "codename": "view_blogtype"}}, {"model": "auth.permission", "pk": 33, "fields": {"name": "Can add read num", "content_type": 9, "codename": "add_readnum"}}, {"model": "auth.permission", "pk": 34, "fields": {"name": "Can change read num", "content_type": 9, "codename": "change_readnum"}}, {"model": "auth.permission", "pk": 35, "fields": {"name": "Can delete read num", "content_type": 9, "codename": "delete_readnum"}}, {"model": "auth.permission", "pk": 36, "fields": {"name": "Can view read num", "content_type": 9, "codename": "view_readnum"}}, {"model": "auth.permission", "pk": 37, "fields": {"name": "Can add read num", "content_type": 10, "codename": "add_readnum"}}, {"model": "auth.permission", "pk": 38, "fields": {"name": "Can change read num", "content_type": 10, "codename": "change_readnum"}}, {"model": "auth.permission", "pk": 39, "fields": {"name": "Can delete read num", "content_type": 10, "codename": "delete_readnum"}}, {"model": "auth.permission", "pk": 40, "fields": {"name": "Can view read num", "content_type": 10, "codename": "view_readnum"}}, {"model": "auth.permission", "pk": 41, "fields": {"name": "Can add read detail", "content_type": 11, "codename": "add_readdetail"}}, {"model": "auth.permission", "pk": 42, "fields": {"name": "Can change read detail", "content_type": 11, "codename": "change_readdetail"}}, {"model": "auth.permission", "pk": 43, "fields": {"name": "Can delete read detail", "content_type": 11, "codename": "delete_readdetail"}}, {"model": "auth.permission", "pk": 44, "fields": {"name": "Can view read detail", "content_type": 11, "codename": "view_readdetail"}}, {"model": "auth.permission", "pk": 45, "fields": {"name": "Can add comment", "content_type": 12, "codename": "add_comment"}}, {"model": "auth.permission", "pk": 46, "fields": {"name": "Can change comment", "content_type": 12, "codename": "change_comment"}}, {"model": "auth.permission", "pk": 47, "fields": {"name": "Can delete comment", "content_type": 12, "codename": "delete_comment"}}, {"model": "auth.permission", "pk": 48, "fields": {"name": "Can view comment", "content_type": 12, "codename": "view_comment"}}, {"model": "auth.permission", "pk": 49, "fields": {"name": "Can add like count", "content_type": 13, "codename": "add_likecount"}}, {"model": "auth.permission", "pk": 50, "fields": {"name": "Can change like count", "content_type": 13, "codename": "change_likecount"}}, {"model": "auth.permission", "pk": 51, "fields": {"name": "Can delete like count", "content_type": 13, "codename": "delete_likecount"}}, {"model": "auth.permission", "pk": 52, "fields": {"name": "Can view like count", "content_type": 13, "codename": "view_likecount"}}, {"model": "auth.permission", "pk": 53, "fields": {"name": "Can add like record", "content_type": 14, "codename": "add_likerecord"}}, {"model": "auth.permission", "pk": 54, "fields": {"name": "Can change like record", "content_type": 14, "codename": "change_likerecord"}}, {"model": "auth.permission", "pk": 55, "fields": {"name": "Can delete like record", "content_type": 14, "codename": "delete_likerecord"}}, {"model": "auth.permission", "pk": 56, "fields": {"name": "Can view like record", "content_type": 14, "codename": "view_likerecord"}}, {"model": "auth.permission", "pk": 57, "fields": {"name": "Can add profile", "content_type": 15, "codename": "add_profile"}}, {"model": "auth.permission", "pk": 58, "fields": {"name": "Can change profile", "content_type": 15, "codename": "change_profile"}}, {"model": "auth.permission", "pk": 59, "fields": {"name": "Can delete profile", "content_type": 15, "codename": "delete_profile"}}, {"model": "auth.permission", "pk": 60, "fields": {"name": "Can view profile", "content_type": 15, "codename": "view_profile"}}, {"model": "auth.user", "pk": 1, "fields": {"password": "pbkdf2_sha256$120000$yr3x5HM59s1E$UtCmcZFQo9K6rl+EA53jvhNRUt7Ypz6IZG+AOVXugqE=", "last_login": "2019-01-18T10:08:33.537Z", "is_superuser": true, "username": "vous", "first_name": "", "last_name": "", "email": "2307451983@qq.com", "is_staff": true, "is_active": true, "date_joined": "2018-12-25T03:02:00Z", "groups": [], "user_permissions": []}}, {"model": "auth.user", "pk": 2, "fields": {"password": "pbkdf2_sha256$120000$9ULg7dRg9VRa$9Dl/1+veJXfIKcwyP5n7bmh4Uw1wKUG6d946btxcUig=", "last_login": "2019-01-17T09:20:00Z", "is_superuser": false, "username": "vous1", "first_name": "", "last_name": "", "email": "", "is_staff": false, "is_active": true, "date_joined": "2019-01-09T07:23:00Z", "groups": [], "user_permissions": []}}, {"model": "blog.blog", "pk": 1, "fields": {"title": "\u7b2c\u4e00\u7bc7\u535a\u5ba2", "blog_type": 2, "content": "123", "author": 1, "created_time": "2018-12-25T03:54:32.386Z", "last_updated_time": "2018-12-25T03:54:32.386Z"}}, {"model": "blog.blog", "pk": 2, "fields": {"title": "\u7b2c\u4e8c\u7bc7\u535a\u5ba2", "blog_type": 2, "content": "\u963f\u6492\u4e0a\u7684\u53d1\u653e\u963f\u6492\u4e0a\u7684\u53d1\u653e\u963f\u6492\u4e0a\u7684\u53d1\u653e\u963f\u6492\u4e0a\u7684\u53d1\u653e\u963f\u6492\u4e0a\u7684\u53d1\u653e\u963f\u6492\u4e0a\u7684\u53d1\u653e\u963f\u6492\u4e0a\u7684\u53d1\u653e\u963f\u6492\u4e0a\u7684\u53d1\u653e\u963f\u6492\u4e0a\u7684\u53d1\u653e\u963f\u6492\u4e0a\u7684\u53d1\u653e\u963f\u6492\u4e0a\u7684\u53d1\u653e\u963f\u6492\u4e0a\u7684\u53d1\u653e\u963f\u6492\u4e0a\u7684\u53d1\u653e\u963f\u6492\u4e0a\u7684\u53d1\u653e\u963f\u6492\u4e0a\u7684\u53d1\u653e\u963f\u6492\u4e0a\u7684\u53d1\u653e\u963f\u6492\u4e0a\u7684\u53d1\u653e\u963f\u6492\u4e0a\u7684\u53d1\u653e\u963f\u6492\u4e0a\u7684\u53d1\u653e\u963f\u6492\u4e0a\u7684\u53d1\u653e\u963f\u6492\u4e0a\u7684\u53d1\u653e", "author": 1, "created_time": "2018-12-25T06:24:47.279Z", "last_updated_time": "2018-12-25T06:34:41.858Z"}}, {"model": "blog.blog", "pk": 3, "fields": {"title": "\u7b2c\u4e09\u7bc7\u535a\u5ba2", "blog_type": 3, "content": "123123123123123", "author": 1, "created_time": "2018-12-25T07:16:13.080Z", "last_updated_time": "2018-12-25T07:16:13.080Z"}}, {"model": "blog.blog", "pk": 4, "fields": {"title": "\u957f\u5185\u5bb9\u535a\u5ba2", "blog_type": 3, "content": "\u8da3\u5473\u513f\u7ae5\u4f3c\u61c2\u975e\u61c2\u98ce\u683c\u7684\u65b9\u6cd5\u66f4\u597d\u7684\u6539\u5584\u65b9\u6cd5\u8da3\u5473\u513f\u7ae5\u4f3c\u61c2\u975e\u61c2\u98ce\u683c\u7684\u65b9\u6cd5\u66f4\u597d\u7684\u6539\u5584\u65b9\u6cd5\u8da3\u5473\u513f\u7ae5\u4f3c\u61c2\u975e\u61c2\u98ce\u683c\u7684\u65b9\u6cd5\u66f4\u597d\u7684\u6539\u5584\u65b9\u6cd5\u8da3\u5473\u513f\u7ae5\u4f3c\u61c2\u975e\u61c2\u98ce\u683c\u7684\u65b9\u6cd5\u66f4\u597d\u7684\u6539\u5584\u65b9\u6cd5\u8da3\u5473\u513f\u7ae5\u4f3c\u61c2\u975e\u61c2\u98ce\u683c\u7684\u65b9\u6cd5\u66f4\u597d\u7684\u6539\u5584\u65b9\u6cd5\u8da3\u5473\u513f\u7ae5\u4f3c\u61c2\u975e\u61c2\u98ce\u683c\u7684\u65b9\u6cd5\u66f4\u597d\u7684\u6539\u5584\u65b9\u6cd5\u8da3\u5473\u513f\u7ae5\u4f3c\u61c2\u975e\u61c2\u98ce\u683c\u7684\u65b9\u6cd5\u66f4\u597d\u7684\u6539\u5584\u65b9\u6cd5\u8da3\u5473\u513f\u7ae5\u4f3c\u61c2\u975e\u61c2\u98ce\u683c\u7684\u65b9\u6cd5\u66f4\u597d\u7684\u6539\u5584\u65b9\u6cd5\u8da3\u5473\u513f\u7ae5\u4f3c\u61c2\u975e\u61c2\u98ce\u683c\u7684\u65b9\u6cd5\u66f4\u597d\u7684\u6539\u5584\u65b9\u6cd5\u8da3\u5473\u513f\u7ae5\u4f3c\u61c2\u975e\u61c2\u98ce\u683c\u7684\u65b9\u6cd5\u66f4\u597d\u7684\u6539\u5584\u65b9\u6cd5\u8da3\u5473\u513f\u7ae5\u4f3c\u61c2\u975e\u61c2\u98ce\u683c\u7684\u65b9\u6cd5\u66f4\u597d\u7684\u6539\u5584\u65b9\u6cd5\u8da3\u5473\u513f\u7ae5\u4f3c\u61c2\u975e\u61c2\u98ce\u683c\u7684\u65b9\u6cd5\u66f4\u597d\u7684\u6539\u5584\u65b9\u6cd5\u8da3\u5473\u513f\u7ae5\u4f3c\u61c2\u975e\u61c2\u98ce\u683c\u7684\u65b9\u6cd5\u66f4\u597d\u7684\u6539\u5584\u65b9\u6cd5\u8da3\u5473\u513f\u7ae5\u4f3c\u61c2\u975e\u61c2\u98ce\u683c\u7684\u65b9\u6cd5\u66f4\u597d\u7684\u6539\u5584\u65b9\u6cd5\u8da3\u5473\u513f\u7ae5\u4f3c\u61c2\u975e\u61c2\u98ce\u683c\u7684\u65b9\u6cd5\u66f4\u597d\u7684\u6539\u5584\u65b9\u6cd5\u8da3\u5473\u513f\u7ae5\u4f3c\u61c2\u975e\u61c2\u98ce\u683c\u7684\u65b9\u6cd5\u66f4\u597d\u7684\u6539\u5584\u65b9\u6cd5\u8da3\u5473\u513f\u7ae5\u4f3c\u61c2\u975e\u61c2\u98ce\u683c\u7684\u65b9\u6cd5\u66f4\u597d\u7684\u6539\u5584\u65b9\u6cd5\u8da3\u5473\u513f\u7ae5\u4f3c\u61c2\u975e\u61c2\u98ce\u683c\u7684\u65b9\u6cd5\u66f4\u597d\u7684\u6539\u5584\u65b9\u6cd5\u8da3\u5473\u513f\u7ae5\u4f3c\u61c2\u975e\u61c2\u98ce\u683c\u7684\u65b9\u6cd5\u66f4\u597d\u7684\u6539\u5584\u65b9\u6cd5\u8da3\u5473\u513f\u7ae5\u4f3c\u61c2\u975e\u61c2\u98ce\u683c\u7684\u65b9\u6cd5\u66f4\u597d\u7684\u6539\u5584\u65b9\u6cd5\u8da3\u5473\u513f\u7ae5\u4f3c\u61c2\u975e\u61c2\u98ce\u683c\u7684\u65b9\u6cd5\u66f4\u597d\u7684\u6539\u5584\u65b9\u6cd5\u8da3\u5473\u513f\u7ae5\u4f3c\u61c2\u975e\u61c2\u98ce\u683c\u7684\u65b9\u6cd5\u66f4\u597d\u7684\u6539\u5584\u65b9\u6cd5\u8da3\u5473\u513f\u7ae5\u4f3c\u61c2\u975e\u61c2\u98ce\u683c\u7684\u65b9\u6cd5\u66f4\u597d\u7684\u6539\u5584\u65b9\u6cd5\u8da3\u5473\u513f\u7ae5\u4f3c\u61c2\u975e\u61c2\u98ce\u683c\u7684\u65b9\u6cd5\u66f4\u597d\u7684\u6539\u5584\u65b9\u6cd5\u8da3\u5473\u513f\u7ae5\u4f3c\u61c2\u975e\u61c2\u98ce\u683c\u7684\u65b9\u6cd5\u66f4\u597d\u7684\u6539\u5584\u65b9\u6cd5\u8da3\u5473\u513f\u7ae5\u4f3c\u61c2\u975e\u61c2\u98ce\u683c\u7684\u65b9\u6cd5\u66f4\u597d\u7684\u6539\u5584\u65b9\u6cd5\u8da3\u5473\u513f\u7ae5\u4f3c\u61c2\u975e\u61c2\u98ce\u683c\u7684\u65b9\u6cd5\u66f4\u597d\u7684\u6539\u5584\u65b9\u6cd5\u8da3\u5473\u513f\u7ae5\u4f3c\u61c2\u975e\u61c2\u98ce\u683c\u7684\u65b9\u6cd5\u66f4\u597d\u7684\u6539\u5584\u65b9\u6cd5\u8da3\u5473\u513f\u7ae5\u4f3c\u61c2\u975e\u61c2\u98ce\u683c\u7684\u65b9\u6cd5\u66f4\u597d\u7684\u6539\u5584\u65b9\u6cd5\u8da3\u5473\u513f\u7ae5\u4f3c\u61c2\u975e\u61c2\u98ce\u683c\u7684\u65b9\u6cd5\u66f4\u597d\u7684\u6539\u5584\u65b9\u6cd5\u8da3\u5473\u513f\u7ae5\u4f3c\u61c2\u975e\u61c2\u98ce\u683c\u7684\u65b9\u6cd5\u66f4\u597d\u7684\u6539\u5584\u65b9\u6cd5\u8da3\u5473\u513f\u7ae5\u4f3c\u61c2\u975e\u61c2\u98ce\u683c\u7684\u65b9\u6cd5\u66f4\u597d\u7684\u6539\u5584\u65b9\u6cd5\u8da3\u5473\u513f\u7ae5\u4f3c\u61c2\u975e\u61c2\u98ce\u683c\u7684\u65b9\u6cd5\u66f4\u597d\u7684\u6539\u5584\u65b9\u6cd5\u8da3\u5473\u513f\u7ae5\u4f3c\u61c2\u975e\u61c2\u98ce\u683c\u7684\u65b9\u6cd5\u66f4\u597d\u7684\u6539\u5584\u65b9\u6cd5\u8da3\u5473\u513f\u7ae5\u4f3c\u61c2\u975e\u61c2\u98ce\u683c\u7684\u65b9\u6cd5\u66f4\u597d\u7684\u6539\u5584\u65b9\u6cd5\u8da3\u5473\u513f\u7ae5\u4f3c\u61c2\u975e\u61c2\u98ce\u683c\u7684\u65b9\u6cd5\u66f4\u597d\u7684\u6539\u5584\u65b9\u6cd5\u8da3\u5473\u513f\u7ae5\u4f3c\u61c2\u975e\u61c2\u98ce\u683c\u7684\u65b9\u6cd5\u66f4\u597d\u7684\u6539\u5584\u65b9\u6cd5\u8da3\u5473\u513f\u7ae5\u4f3c\u61c2\u975e\u61c2\u98ce\u683c\u7684\u65b9\u6cd5\u66f4\u597d\u7684\u6539\u5584\u65b9\u6cd5\u8da3\u5473\u513f\u7ae5\u4f3c\u61c2\u975e\u61c2\u98ce\u683c\u7684\u65b9\u6cd5\u66f4\u597d\u7684\u6539\u5584\u65b9\u6cd5\u8da3\u5473\u513f\u7ae5\u4f3c\u61c2\u975e\u61c2\u98ce\u683c\u7684\u65b9\u6cd5\u66f4\u597d\u7684\u6539\u5584\u65b9\u6cd5\u8da3\u5473\u513f\u7ae5\u4f3c\u61c2\u975e\u61c2\u98ce\u683c\u7684\u65b9\u6cd5\u66f4\u597d\u7684\u6539\u5584\u65b9\u6cd5\u8da3\u5473\u513f\u7ae5\u4f3c\u61c2\u975e\u61c2\u98ce\u683c\u7684\u65b9\u6cd5\u66f4\u597d\u7684\u6539\u5584\u65b9\u6cd5", "author": 1, "created_time": "2018-12-26T14:02:05.814Z", "last_updated_time": "2018-12-26T14:02:05.814Z"}}, {"model": "blog.blog", "pk": 6, "fields": {"title": "shell\u4e0b\u7684\u7b2c\u4e00\u7bc7\u535a\u5ba2", "blog_type": 1, "content": "123456", "author": 1, "created_time": "2018-12-28T02:46:49.652Z", "last_updated_time": "2018-12-28T02:47:27.827Z"}}, {"model": "blog.blog", "pk": 7, "fields": {"title": "for 0", "blog_type": 1, "content": "xxxxx:0", "author": 1, "created_time": "2018-12-28T02:58:53.079Z", "last_updated_time": "2018-12-28T02:58:53.079Z"}}, {"model": "blog.blog", "pk": 8, "fields": {"title": "for 1", "blog_type": 1, "content": "xxxxx:1", "author": 1, "created_time": "2018-12-28T02:58:53.081Z", "last_updated_time": "2018-12-28T02:58:53.081Z"}}, {"model": "blog.blog", "pk": 9, "fields": {"title": "for 2", "blog_type": 1, "content": "xxxxx:2", "author": 1, "created_time": "2018-12-28T02:58:53.085Z", "last_updated_time": "2018-12-28T02:58:53.085Z"}}, {"model": "blog.blog", "pk": 10, "fields": {"title": "for 3", "blog_type": 1, "content": "xxxxx:3", "author": 1, "created_time": "2018-12-28T02:58:53.087Z", "last_updated_time": "2018-12-28T02:58:53.087Z"}}, {"model": "blog.blog", "pk": 11, "fields": {"title": "for 4", "blog_type": 1, "content": "xxxxx:4", "author": 1, "created_time": "2018-12-28T02:58:53.092Z", "last_updated_time": "2018-12-28T02:58:53.092Z"}}, {"model": "blog.blog", "pk": 12, "fields": {"title": "for 5", "blog_type": 1, "content": "xxxxx:5", "author": 1, "created_time": "2018-12-28T02:58:53.094Z", "last_updated_time": "2018-12-28T02:58:53.094Z"}}, {"model": "blog.blog", "pk": 13, "fields": {"title": "for 6", "blog_type": 1, "content": "xxxxx:6", "author": 1, "created_time": "2018-12-28T02:58:53.100Z", "last_updated_time": "2018-12-28T02:58:53.100Z"}}, {"model": "blog.blog", "pk": 14, "fields": {"title": "for 7", "blog_type": 1, "content": "xxxxx:7", "author": 1, "created_time": "2018-12-28T02:58:53.102Z", "last_updated_time": "2018-12-28T02:58:53.102Z"}}, {"model": "blog.blog", "pk": 15, "fields": {"title": "for 8", "blog_type": 1, "content": "xxxxx:8", "author": 1, "created_time": "2018-12-28T02:58:53.104Z", "last_updated_time": "2018-12-28T02:58:53.104Z"}}, {"model": "blog.blog", "pk": 16, "fields": {"title": "for 9", "blog_type": 1, "content": "xxxxx:9", "author": 1, "created_time": "2018-12-28T02:58:53.109Z", "last_updated_time": "2018-12-28T02:58:53.109Z"}}, {"model": "blog.blog", "pk": 17, "fields": {"title": "for 10", "blog_type": 1, "content": "xxxxx:10", "author": 1, "created_time": "2018-12-28T02:58:53.110Z", "last_updated_time": "2018-12-28T02:58:53.110Z"}}, {"model": "blog.blog", "pk": 18, "fields": {"title": "for 11", "blog_type": 1, "content": "xxxxx:11", "author": 1, "created_time": "2018-12-28T02:58:53.116Z", "last_updated_time": "2018-12-28T02:58:53.116Z"}}, {"model": "blog.blog", "pk": 19, "fields": {"title": "for 12", "blog_type": 1, "content": "xxxxx:12", "author": 1, "created_time": "2018-12-28T02:58:53.119Z", "last_updated_time": "2018-12-28T02:58:53.119Z"}}, {"model": "blog.blog", "pk": 20, "fields": {"title": "for 13", "blog_type": 1, "content": "xxxxx:13", "author": 1, "created_time": "2018-12-28T02:58:53.121Z", "last_updated_time": "2018-12-28T02:58:53.121Z"}}, {"model": "blog.blog", "pk": 21, "fields": {"title": "for 14", "blog_type": 1, "content": "xxxxx:14", "author": 1, "created_time": "2018-12-28T02:58:53.126Z", "last_updated_time": "2018-12-28T02:58:53.126Z"}}, {"model": "blog.blog", "pk": 22, "fields": {"title": "for 15", "blog_type": 1, "content": "xxxxx:15", "author": 1, "created_time": "2018-12-28T02:58:53.132Z", "last_updated_time": "2018-12-28T02:58:53.132Z"}}, {"model": "blog.blog", "pk": 23, "fields": {"title": "for 16", "blog_type": 1, "content": "xxxxx:16", "author": 1, "created_time": "2018-12-28T02:58:53.133Z", "last_updated_time": "2018-12-28T02:58:53.133Z"}}, {"model": "blog.blog", "pk": 24, "fields": {"title": "for 17", "blog_type": 1, "content": "xxxxx:17", "author": 1, "created_time": "2018-12-28T02:58:53.137Z", "last_updated_time": "2018-12-28T02:58:53.137Z"}}, {"model": "blog.blog", "pk": 25, "fields": {"title": "for 18", "blog_type": 1, "content": "xxxxx:18", "author": 1, "created_time": "2018-12-28T02:58:53.142Z", "last_updated_time": "2018-12-28T02:58:53.142Z"}}, {"model": "blog.blog", "pk": 26, "fields": {"title": "for 19", "blog_type": 1, "content": "xxxxx:19", "author": 1, "created_time": "2018-12-28T02:58:53.144Z", "last_updated_time": "2018-12-28T02:58:53.144Z"}}, {"model": "blog.blog", "pk": 27, "fields": {"title": "for 20", "blog_type": 1, "content": "xxxxx:20", "author": 1, "created_time": "2018-12-28T02:58:53.148Z", "last_updated_time": "2018-12-28T02:58:53.148Z"}}, {"model": "blog.blog", "pk": 28, "fields": {"title": "for 21", "blog_type": 1, "content": "xxxxx:21", "author": 1, "created_time": "2018-12-28T02:58:53.153Z", "last_updated_time": "2018-12-28T02:58:53.153Z"}}, {"model": "blog.blog", "pk": 29, "fields": {"title": "for 22", "blog_type": 1, "content": "xxxxx:22", "author": 1, "created_time": "2018-12-28T02:58:53.154Z", "last_updated_time": "2018-12-28T02:58:53.155Z"}}, {"model": "blog.blog", "pk": 30, "fields": {"title": "for 23", "blog_type": 1, "content": "xxxxx:23", "author": 1, "created_time": "2018-12-28T02:58:53.162Z", "last_updated_time": "2018-12-28T02:58:53.162Z"}}, {"model": "blog.blog", "pk": 31, "fields": {"title": "for 24", "blog_type": 1, "content": "xxxxx:24", "author": 1, "created_time": "2018-12-28T02:58:53.167Z", "last_updated_time": "2018-12-28T02:58:53.167Z"}}, {"model": "blog.blog", "pk": 32, "fields": {"title": "for 25", "blog_type": 1, "content": "xxxxx:25", "author": 1, "created_time": "2018-12-28T02:58:53.169Z", "last_updated_time": "2018-12-28T02:58:53.169Z"}}, {"model": "blog.blog", "pk": 33, "fields": {"title": "for 26", "blog_type": 1, "content": "xxxxx:26", "author": 1, "created_time": "2018-12-28T02:58:53.173Z", "last_updated_time": "2019-01-03T07:54:10.339Z"}}, {"model": "blog.blog", "pk": 34, "fields": {"title": "for 27", "blog_type": 1, "content": "xxxxx:27", "author": 1, "created_time": "2018-12-28T02:58:53.179Z", "last_updated_time": "2019-01-03T07:47:08.610Z"}}, {"model": "blog.blog", "pk": 35, "fields": {"title": "for 28", "blog_type": 1, "content": "xxxxx:28", "author": 1, "created_time": "2018-12-28T02:58:53.180Z", "last_updated_time": "2019-01-03T07:47:09.525Z"}}, {"model": "comment.comment", "pk": 2, "fields": {"content_type": 7, "object_id": 35, "text": "456", "comment_time": "2019-01-08T12:10:33.717Z", "user": 1, "root": null, "parent": null, "reply_to": null}}, {"model": "comment.comment", "pk": 3, "fields": {"content_type": 7, "object_id": 36, "text": "12354", "comment_time": "2019-01-09T07:23:29.253Z", "user": 2, "root": null, "parent": null, "reply_to": null}}, {"model": "comment.comment", "pk": 4, "fields": {"content_type": 7, "object_id": 36, "text": "sfasdfadsf", "comment_time": "2019-01-09T07:23:33.426Z", "user": 2, "root": null, "parent": null, "reply_to": null}}, {"model": "comment.comment", "pk": 5, "fields": {"content_type": 7, "object_id": 36, "text": "12345", "comment_time": "2019-01-09T13:28:50.332Z", "user": 1, "root": null, "parent": null, "reply_to": null}}, {"model": "comment.comment", "pk": 6, "fields": {"content_type": 7, "object_id": 36, "text": "....", "comment_time": "2019-01-09T13:47:24.076Z", "user": 1, "root": null, "parent": null, "reply_to": null}}, {"model": "comment.comment", "pk": 7, "fields": {"content_type": 7, "object_id": 36, "text": "hello world", "comment_time": "2019-01-10T03:02:45.238Z", "user": 1, "root": null, "parent": null, "reply_to": null}}, {"model": "comment.comment", "pk": 8, "fields": {"content_type": 7, "object_id": 36, "text": "<p><img alt=\"broken heart\" height=\"23\" src=\"http://localhost:8000/static/ckeditor/ckeditor/plugins/smiley/images/broken_heart.png\" title=\"broken heart\" width=\"23\" /></p>", "comment_time": "2019-01-10T08:11:36.845Z", "user": 1, "root": null, "parent": null, "reply_to": null}}, {"model": "comment.comment", "pk": 9, "fields": {"content_type": 7, "object_id": 36, "text": "<p>\u6c34\u7535\u8d39</p>", "comment_time": "2019-01-10T08:11:48.352Z", "user": 1, "root": null, "parent": null, "reply_to": null}}, {"model": "comment.comment", "pk": 10, "fields": {"content_type": 7, "object_id": 36, "text": "<p>123</p>", "comment_time": "2019-01-10T08:43:14.785Z", "user": 1, "root": null, "parent": null, "reply_to": null}}, {"model": "comment.comment", "pk": 11, "fields": {"content_type": 7, "object_id": 36, "text": "<p>123</p>", "comment_time": "2019-01-10T08:43:41.327Z", "user": 1, "root": null, "parent": null, "reply_to": null}}, {"model": "comment.comment", "pk": 12, "fields": {"content_type": 7, "object_id": 36, "text": "<p>123</p>", "comment_time": "2019-01-10T08:43:44.250Z", "user": 1, "root": null, "parent": null, "reply_to": null}}, {"model": "comment.comment", "pk": 13, "fields": {"content_type": 7, "object_id": 36, "text": "<p>123</p>", "comment_time": "2019-01-10T08:43:47.294Z", "user": 1, "root": null, "parent": null, "reply_to": null}}, {"model": "comment.comment", "pk": 14, "fields": {"content_type": 7, "object_id": 36, "text": "<p>aaa</p>", "comment_time": "2019-01-10T08:56:24.829Z", "user": 1, "root": null, "parent": null, "reply_to": null}}, {"model": "comment.comment", "pk": 15, "fields": {"content_type": 7, "object_id": 36, "text": "<p>aaa<img alt=\"frown\" height=\"23\" src=\"http://localhost:8000/static/ckeditor/ckeditor/plugins/smiley/images/confused_smile.png\" title=\"frown\" width=\"23\" /></p>", "comment_time": "2019-01-10T08:56:40.498Z", "user": 1, "root": null, "parent": null, "reply_to": null}}, {"model": "comment.comment", "pk": 16, "fields": {"content_type": 7, "object_id": 36, "text": "<p>hahahhahah</p>", "comment_time": "2019-01-10T09:07:21.176Z", "user": 1, "root": null, "parent": null, "reply_to": null}}, {"model": "comment.comment", "pk": 17, "fields": {"content_type": 7, "object_id": 36, "text": "<p>123456</p>", "comment_time": "2019-01-10T09:29:10.701Z", "user": 1, "root": null, "parent": null, "reply_to": null}}, {"model": "comment.comment", "pk": 18, "fields": {"content_type": 7, "object_id": 36, "text": "<p>\u4e8b\u5b9e\u4e0a\u82cf\u6253\u7c89</p>", "comment_time": "2019-01-10T09:29:32.696Z", "user": 1, "root": null, "parent": null, "reply_to": null}}, {"model": "comment.comment", "pk": 19, "fields": {"content_type": 7, "object_id": 36, "text": "<p>\u554a\u554a\u554a</p>", "comment_time": "2019-01-10T09:30:02.199Z", "user": 1, "root": 19, "parent": 19, "reply_to": 1}}, {"model": "comment.comment", "pk": 20, "fields": {"content_type": 7, "object_id": 36, "text": "<p>aaaa</p>", "comment_time": "2019-01-10T09:30:32.646Z", "user": 1, "root": null, "parent": null, "reply_to": null}}, {"model": "comment.comment", "pk": 21, "fields": {"content_type": 7, "object_id": 36, "text": "<p>adf</p>", "comment_time": "2019-01-10T09:30:39.959Z", "user": 1, "root": null, "parent": null, "reply_to": null}}, {"model": "comment.comment", "pk": 22, "fields": {"content_type": 7, "object_id": 36, "text": "<p>aaaa</p>", "comment_time": "2019-01-10T09:31:41.043Z", "user": 1, "root": null, "parent": null, "reply_to": null}}, {"model": "comment.comment", "pk": 23, "fields": {"content_type": 7, "object_id": 36, "text": "<p>sdf</p>", "comment_time": "2019-01-10T09:32:21.756Z", "user": 1, "root": null, "parent": null, "reply_to": null}}, {"model": "comment.comment", "pk": 24, "fields": {"content_type": 7, "object_id": 36, "text": "<p>sdfsdfdsf</p>", "comment_time": "2019-01-10T09:32:43.656Z", "user": 1, "root": null, "parent": null, "reply_to": null}}, {"model": "comment.comment", "pk": 25, "fields": {"content_type": 7, "object_id": 36, "text": "<p>asdf</p>", "comment_time": "2019-01-10T09:33:01.249Z", "user": 1, "root": null, "parent": null, "reply_to": null}}, {"model": "comment.comment", "pk": 26, "fields": {"content_type": 7, "object_id": 36, "text": "<p>a</p>", "comment_time": "2019-01-10T09:33:59.040Z", "user": 1, "root": null, "parent": null, "reply_to": null}}, {"model": "comment.comment", "pk": 27, "fields": {"content_type": 7, "object_id": 36, "text": "<p>asdf</p>", "comment_time": "2019-01-10T09:35:37.047Z", "user": 1, "root": null, "parent": null, "reply_to": null}}, {"model": "comment.comment", "pk": 28, "fields": {"content_type": 7, "object_id": 36, "text": "<p>a</p>", "comment_time": "2019-01-10T09:37:09.142Z", "user": 1, "root": null, "parent": null, "reply_to": null}}, {"model": "comment.comment", "pk": 29, "fields": {"content_type": 7, "object_id": 35, "text": "00000", "comment_time": "2019-01-10T09:51:54.978Z", "user": 1, "root": 18, "parent": 9, "reply_to": 1}}, {"model": "comment.comment", "pk": 30, "fields": {"content_type": 7, "object_id": 36, "text": "<p>aaa</p>", "comment_time": "2019-01-11T12:36:23.204Z", "user": 1, "root": 28, "parent": 28, "reply_to": 1}}, {"model": "comment.comment", "pk": 31, "fields": {"content_type": 7, "object_id": 36, "text": "<p>aaaaaa</p>", "comment_time": "2019-01-11T12:38:05.943Z", "user": 1, "root": 28, "parent": 30, "reply_to": 1}}, {"model": "comment.comment", "pk": 32, "fields": {"content_type": 7, "object_id": 36, "text": "<p>\u6d4b\u8bd5</p>", "comment_time": "2019-01-11T13:23:22.494Z", "user": 1, "root": null, "parent": null, "reply_to": null}}, {"model": "comment.comment", "pk": 33, "fields": {"content_type": 7, "object_id": 36, "text": "<p>1</p>", "comment_time": "2019-01-11T13:58:44.613Z", "user": 1, "root": null, "parent": null, "reply_to": null}}, {"model": "comment.comment", "pk": 34, "fields": {"content_type": 7, "object_id": 36, "text": "<p>1_1</p>", "comment_time": "2019-01-11T13:59:25.608Z", "user": 1, "root": 33, "parent": 33, "reply_to": 1}}, {"model": "comment.comment", "pk": 35, "fields": {"content_type": 7, "object_id": 36, "text": "<p>1_1_1</p>", "comment_time": "2019-01-11T14:00:54.308Z", "user": 1, "root": 33, "parent": 34, "reply_to": 1}}, {"model": "comment.comment", "pk": 36, "fields": {"content_type": 7, "object_id": 36, "text": "<p>qqq</p>", "comment_time": "2019-01-11T14:04:07.029Z", "user": 1, "root": 33, "parent": 34, "reply_to": 1}}, {"model": "comment.comment", "pk": 37, "fields": {"content_type": 7, "object_id": 36, "text": "<p>asfdf</p>", "comment_time": "2019-01-11T14:06:01.087Z", "user": 1, "root": 27, "parent": 27, "reply_to": 1}}, {"model": "comment.comment", "pk": 38, "fields": {"content_type": 7, "object_id": 36, "text": "<p>aaa</p>", "comment_time": "2019-01-11T14:08:01.745Z", "user": 1, "root": 27, "parent": 27, "reply_to": 1}}, {"model": "comment.comment", "pk": 39, "fields": {"content_type": 7, "object_id": 36, "text": "<p>\u6d4b\u8bd51</p>", "comment_time": "2019-01-11T14:08:17.814Z", "user": 1, "root": 32, "parent": 32, "reply_to": 1}}, {"model": "comment.comment", "pk": 40, "fields": {"content_type": 7, "object_id": 36, "text": "<p>1_1_1</p>", "comment_time": "2019-01-11T14:13:42.867Z", "user": 1, "root": 33, "parent": 34, "reply_to": 1}}, {"model": "comment.comment", "pk": 41, "fields": {"content_type": 7, "object_id": 36, "text": "<p>111</p>", "comment_time": "2019-01-11T14:29:06.940Z", "user": 1, "root": 33, "parent": 34, "reply_to": 1}}, {"model": "comment.comment", "pk": 42, "fields": {"content_type": 7, "object_id": 22, "text": "<p>1</p>", "comment_time": "2019-01-11T14:32:12.434Z", "user": 1, "root": null, "parent": null, "reply_to": null}}, {"model": "comment.comment", "pk": 43, "fields": {"content_type": 7, "object_id": 22, "text": "<p>11</p>", "comment_time": "2019-01-11T14:32:16.125Z", "user": 1, "root": 42, "parent": 42, "reply_to": 1}}, {"model": "comment.comment", "pk": 44, "fields": {"content_type": 7, "object_id": 22, "text": "<p>2</p>", "comment_time": "2019-01-11T14:33:51.212Z", "user": 1, "root": 42, "parent": 42, "reply_to": 1}}, {"model": "comment.comment", "pk": 45, "fields": {"content_type": 7, "object_id": 22, "text": "<p>2</p>", "comment_time": "2019-01-11T14:35:46.389Z", "user": 1, "root": null, "parent": null, "reply_to": null}}, {"model": "comment.comment", "pk": 46, "fields": {"content_type": 7, "object_id": 22, "text": "<p>22</p>", "comment_time": "2019-01-11T14:36:07.171Z", "user": 1, "root": 45, "parent": 45, "reply_to": 1}}, {"model": "comment.comment", "pk": 47, "fields": {"content_type": 7, "object_id": 22, "text": "<p>1111</p>", "comment_time": "2019-01-11T14:36:36.035Z", "user": 1, "root": 42, "parent": 43, "reply_to": 1}}, {"model": "comment.comment", "pk": 48, "fields": {"content_type": 7, "object_id": 22, "text": "<p>2222</p>", "comment_time": "2019-01-11T14:36:59.247Z", "user": 1, "root": 42, "parent": 42, "reply_to": 1}}, {"model": "comment.comment", "pk": 49, "fields": {"content_type": 7, "object_id": 22, "text": "<p>3</p>", "comment_time": "2019-01-11T14:39:03.294Z", "user": 1, "root": null, "parent": null, "reply_to": null}}, {"model": "comment.comment", "pk": 50, "fields": {"content_type": 7, "object_id": 22, "text": "<p>33</p>", "comment_time": "2019-01-11T14:39:15.716Z", "user": 1, "root": 49, "parent": 49, "reply_to": 1}}, {"model": "comment.comment", "pk": 51, "fields": {"content_type": 7, "object_id": 22, "text": "<p>333</p>", "comment_time": "2019-01-11T14:44:22.852Z", "user": 1, "root": 49, "parent": 49, "reply_to": 1}}, {"model": "comment.comment", "pk": 52, "fields": {"content_type": 7, "object_id": 22, "text": "<p>222</p>", "comment_time": "2019-01-11T14:47:30.024Z", "user": 1, "root": 45, "parent": 45, "reply_to": 1}}, {"model": "comment.comment", "pk": 53, "fields": {"content_type": 7, "object_id": 22, "text": "<p>4</p>", "comment_time": "2019-01-11T14:49:03.180Z", "user": 1, "root": null, "parent": null, "reply_to": null}}, {"model": "comment.comment", "pk": 54, "fields": {"content_type": 7, "object_id": 22, "text": "<p>44</p>", "comment_time": "2019-01-11T14:49:12.028Z", "user": 1, "root": 53, "parent": 53, "reply_to": 1}}, {"model": "comment.comment", "pk": 55, "fields": {"content_type": 7, "object_id": 22, "text": "<p>5</p>", "comment_time": "2019-01-11T14:50:30.089Z", "user": 1, "root": null, "parent": null, "reply_to": null}}, {"model": "comment.comment", "pk": 56, "fields": {"content_type": 7, "object_id": 22, "text": "<p>444</p>", "comment_time": "2019-01-11T14:50:36.094Z", "user": 1, "root": 53, "parent": 54, "reply_to": 1}}, {"model": "comment.comment", "pk": 57, "fields": {"content_type": 7, "object_id": 22, "text": "<p>4444</p>", "comment_time": "2019-01-11T14:50:55.692Z", "user": 1, "root": 53, "parent": 53, "reply_to": 1}}, {"model": "comment.comment", "pk": 58, "fields": {"content_type": 7, "object_id": 22, "text": "<p>6</p>", "comment_time": "2019-01-11T14:51:29.934Z", "user": 1, "root": null, "parent": null, "reply_to": null}}, {"model": "comment.comment", "pk": 59, "fields": {"content_type": 7, "object_id": 22, "text": "<p>7</p>", "comment_time": "2019-01-11T14:53:03.757Z", "user": 1, "root": null, "parent": null, "reply_to": null}}, {"model": "comment.comment", "pk": 60, "fields": {"content_type": 7, "object_id": 22, "text": "<p>8</p>", "comment_time": "2019-01-11T14:54:45.158Z", "user": 1, "root": null, "parent": null, "reply_to": null}}, {"model": "comment.comment", "pk": 61, "fields": {"content_type": 7, "object_id": 22, "text": "<p>9</p>", "comment_time": "2019-01-11T14:57:24.807Z", "user": 1, "root": null, "parent": null, "reply_to": null}}, {"model": "comment.comment", "pk": 62, "fields": {"content_type": 7, "object_id": 22, "text": "<p>a</p>", "comment_time": "2019-01-11T14:58:02.865Z", "user": 1, "root": null, "parent": null, "reply_to": null}}, {"model": "comment.comment", "pk": 63, "fields": {"content_type": 7, "object_id": 22, "text": "<p>b</p>", "comment_time": "2019-01-11T14:58:26.426Z", "user": 1, "root": null, "parent": null, "reply_to": null}}, {"model": "comment.comment", "pk": 64, "fields": {"content_type": 7, "object_id": 22, "text": "<p>aa</p>", "comment_time": "2019-01-11T14:58:35.556Z", "user": 1, "root": 62, "parent": 62, "reply_to": 1}}, {"model": "comment.comment", "pk": 65, "fields": {"content_type": 7, "object_id": 22, "text": "<p>bb</p>", "comment_time": "2019-01-11T14:59:36.800Z", "user": 1, "root": 63, "parent": 63, "reply_to": 1}}, {"model": "comment.comment", "pk": 66, "fields": {"content_type": 7, "object_id": 22, "text": "<p>c</p>", "comment_time": "2019-01-11T14:59:57.043Z", "user": 1, "root": null, "parent": null, "reply_to": null}}, {"model": "comment.comment", "pk": 67, "fields": {"content_type": 7, "object_id": 22, "text": "<p>1</p>", "comment_time": "2019-01-11T15:00:36.782Z", "user": 1, "root": null, "parent": null, "reply_to": null}}, {"model": "comment.comment", "pk": 68, "fields": {"content_type": 7, "object_id": 22, "text": "<p>11</p>", "comment_time": "2019-01-11T15:00:41.081Z", "user": 1, "root": 67, "parent": 67, "reply_to": 1}}, {"model": "comment.comment", "pk": 69, "fields": {"content_type": 7, "object_id": 22, "text": "<p>111</p>", "comment_time": "2019-01-11T15:01:09.559Z", "user": 1, "root": 67, "parent": 67, "reply_to": 1}}, {"model": "comment.comment", "pk": 70, "fields": {"content_type": 7, "object_id": 22, "text": "<p>2</p>", "comment_time": "2019-01-11T15:01:31.619Z", "user": 1, "root": null, "parent": null, "reply_to": null}}, {"model": "comment.comment", "pk": 71, "fields": {"content_type": 7, "object_id": 22, "text": "<p>22</p>", "comment_time": "2019-01-11T15:01:35.306Z", "user": 1, "root": 70, "parent": 70, "reply_to": 1}}, {"model": "comment.comment", "pk": 72, "fields": {"content_type": 7, "object_id": 22, "text": "<p>222</p>", "comment_time": "2019-01-11T15:01:43.256Z", "user": 1, "root": 70, "parent": 70, "reply_to": 1}}, {"model": "comment.comment", "pk": 73, "fields": {"content_type": 7, "object_id": 22, "text": "<p>3</p>", "comment_time": "2019-01-11T15:06:30.107Z", "user": 1, "root": null, "parent": null, "reply_to": null}}, {"model": "comment.comment", "pk": 74, "fields": {"content_type": 7, "object_id": 22, "text": "<p>33</p>", "comment_time": "2019-01-11T15:06:33.903Z", "user": 1, "root": 73, "parent": 73, "reply_to": 1}}, {"model": "comment.comment", "pk": 75, "fields": {"content_type": 7, "object_id": 22, "text": "<p>333</p>", "comment_time": "2019-01-11T15:06:53.272Z", "user": 1, "root": 73, "parent": 74, "reply_to": 1}}, {"model": "comment.comment", "pk": 76, "fields": {"content_type": 7, "object_id": 22, "text": "<p>4</p>", "comment_time": "2019-01-11T15:08:08.838Z", "user": 1, "root": null, "parent": null, "reply_to": null}}, {"model": "comment.comment", "pk": 77, "fields": {"content_type": 7, "object_id": 22, "text": "<p>44</p>", "comment_time": "2019-01-11T15:08:15.916Z", "user": 1, "root": 76, "parent": 76, "reply_to": 1}}, {"model": "comment.comment", "pk": 78, "fields": {"content_type": 7, "object_id": 30, "text": "<p>1</p>", "comment_time": "2019-01-11T15:09:24.938Z", "user": 1, "root": null, "parent": null, "reply_to": null}}, {"model": "comment.comment", "pk": 79, "fields": {"content_type": 7, "object_id": 30, "text": "<p>2</p>", "comment_time": "2019-01-11T15:09:30.733Z", "user": 1, "root": null, "parent": null, "reply_to": null}}, {"model": "comment.comment", "pk": 80, "fields": {"content_type": 7, "object_id": 30, "text": "<p>11</p>", "comment_time": "2019-01-11T15:09:38.007Z", "user": 1, "root": 78, "parent": 78, "reply_to": 1}}, {"model": "comment.comment", "pk": 81, "fields": {"content_type": 7, "object_id": 30, "text": "<p>3</p>", "comment_time": "2019-01-11T15:11:03.550Z", "user": 1, "root": null, "parent": null, "reply_to": null}}, {"model": "comment.comment", "pk": 82, "fields": {"content_type": 7, "object_id": 30, "text": "<p>33</p>", "comment_time": "2019-01-11T15:11:07.436Z", "user": 1, "root": 81, "parent": 81, "reply_to": 1}}, {"model": "comment.comment", "pk": 83, "fields": {"content_type": 7, "object_id": 30, "text": "<p>4</p>", "comment_time": "2019-01-11T15:11:41.503Z", "user": 1, "root": null, "parent": null, "reply_to": null}}, {"model": "comment.comment", "pk": 84, "fields": {"content_type": 7, "object_id": 30, "text": "<p>44</p>", "comment_time": "2019-01-11T15:11:45.477Z", "user": 1, "root": 83, "parent": 83, "reply_to": 1}}, {"model": "comment.comment", "pk": 85, "fields": {"content_type": 7, "object_id": 30, "text": "<p>333</p>", "comment_time": "2019-01-11T15:11:55.349Z", "user": 1, "root": 81, "parent": 82, "reply_to": 1}}, {"model": "comment.comment", "pk": 86, "fields": {"content_type": 7, "object_id": 30, "text": "<p>5</p>", "comment_time": "2019-01-11T15:13:53.245Z", "user": 1, "root": null, "parent": null, "reply_to": null}}, {"model": "comment.comment", "pk": 87, "fields": {"content_type": 7, "object_id": 30, "text": "<p>55</p>", "comment_time": "2019-01-11T15:14:01.350Z", "user": 1, "root": 86, "parent": 86, "reply_to": 1}}, {"model": "comment.comment", "pk": 88, "fields": {"content_type": 7, "object_id": 30, "text": "<p>555</p>", "comment_time": "2019-01-11T15:14:47.009Z", "user": 1, "root": 86, "parent": 87, "reply_to": 1}}, {"model": "comment.comment", "pk": 89, "fields": {"content_type": 7, "object_id": 30, "text": "<p>12</p>", "comment_time": "2019-01-11T15:16:06.972Z", "user": 1, "root": 86, "parent": 87, "reply_to": 1}}, {"model": "comment.comment", "pk": 90, "fields": {"content_type": 7, "object_id": 30, "text": "<p>6</p>", "comment_time": "2019-01-12T06:18:20.010Z", "user": 1, "root": null, "parent": null, "reply_to": null}}, {"model": "comment.comment", "pk": 91, "fields": {"content_type": 7, "object_id": 30, "text": "<p>66</p>", "comment_time": "2019-01-12T06:18:28.790Z", "user": 1, "root": 90, "parent": 90, "reply_to": 1}}, {"model": "comment.comment", "pk": 92, "fields": {"content_type": 7, "object_id": 30, "text": "<p>666</p>", "comment_time": "2019-01-12T06:18:40.964Z", "user": 1, "root": 90, "parent": 90, "reply_to": 1}}, {"model": "comment.comment", "pk": 93, "fields": {"content_type": 7, "object_id": 30, "text": "<p>123</p>", "comment_time": "2019-01-12T07:00:43.327Z", "user": 1, "root": 86, "parent": 89, "reply_to": 1}}, {"model": "comment.comment", "pk": 94, "fields": {"content_type": 7, "object_id": 30, "text": "<p>123123</p>", "comment_time": "2019-01-12T07:01:07.492Z", "user": 1, "root": 86, "parent": 89, "reply_to": 1}}, {"model": "comment.comment", "pk": 95, "fields": {"content_type": 7, "object_id": 35, "text": "<p>234</p>", "comment_time": "2019-01-15T15:42:48.071Z", "user": 1, "root": null, "parent": null, "reply_to": null}}, {"model": "comment.comment", "pk": 96, "fields": {"content_type": 7, "object_id": 35, "text": "<p>456</p>", "comment_time": "2019-01-15T15:43:12.774Z", "user": 1, "root": null, "parent": null, "reply_to": null}}, {"model": "comment.comment", "pk": 97, "fields": {"content_type": 7, "object_id": 35, "text": "<p>111</p>", "comment_time": "2019-01-15T15:43:35.370Z", "user": 1, "root": null, "parent": null, "reply_to": null}}, {"model": "comment.comment", "pk": 98, "fields": {"content_type": 7, "object_id": 35, "text": "<p>1111</p>", "comment_time": "2019-01-15T15:46:32.260Z", "user": 1, "root": null, "parent": null, "reply_to": null}}, {"model": "comment.comment", "pk": 99, "fields": {"content_type": 7, "object_id": 35, "text": "<p>2222</p>", "comment_time": "2019-01-15T15:47:49.543Z", "user": 1, "root": 98, "parent": 98, "reply_to": 1}}, {"model": "comment.comment", "pk": 100, "fields": {"content_type": 7, "object_id": 35, "text": "<p>123</p>", "comment_time": "2019-01-15T15:51:16.505Z", "user": 1, "root": 98, "parent": 98, "reply_to": 1}}, {"model": "comment.comment", "pk": 101, "fields": {"content_type": 7, "object_id": 35, "text": "<p>456</p>", "comment_time": "2019-01-16T07:47:07.643Z", "user": 1, "root": 98, "parent": 98, "reply_to": 1}}, {"model": "comment.comment", "pk": 102, "fields": {"content_type": 7, "object_id": 35, "text": "<p>123123</p>", "comment_time": "2019-01-16T07:47:55.427Z", "user": 1, "root": 98, "parent": 100, "reply_to": 1}}, {"model": "comment.comment", "pk": 103, "fields": {"content_type": 7, "object_id": 34, "text": "<p>123</p>", "comment_time": "2019-01-16T09:06:41.401Z", "user": 1, "root": null, "parent": null, "reply_to": null}}, {"model": "comment.comment", "pk": 104, "fields": {"content_type": 7, "object_id": 34, "text": "<p>123</p>", "comment_time": "2019-01-16T09:06:44.770Z", "user": 1, "root": 103, "parent": 103, "reply_to": 1}}, {"model": "comment.comment", "pk": 105, "fields": {"content_type": 7, "object_id": 34, "text": "<p>123</p>", "comment_time": "2019-01-16T09:06:49.084Z", "user": 1, "root": 103, "parent": 104, "reply_to": 1}}, {"model": "comment.comment", "pk": 106, "fields": {"content_type": 7, "object_id": 34, "text": "<p>1</p>", "comment_time": "2019-01-16T09:14:35.273Z", "user": 1, "root": null, "parent": null, "reply_to": null}}, {"model": "comment.comment", "pk": 107, "fields": {"content_type": 7, "object_id": 34, "text": "<p>11</p>", "comment_time": "2019-01-16T09:14:40.902Z", "user": 1, "root": 106, "parent": 106, "reply_to": 1}}, {"model": "comment.comment", "pk": 108, "fields": {"content_type": 7, "object_id": 34, "text": "<p>2</p>", "comment_time": "2019-01-16T09:18:46.245Z", "user": 1, "root": null, "parent": null, "reply_to": null}}, {"model": "comment.comment", "pk": 109, "fields": {"content_type": 7, "object_id": 34, "text": "<p>22</p>", "comment_time": "2019-01-16T09:18:50.085Z", "user": 1, "root": 108, "parent": 108, "reply_to": 1}}, {"model": "comment.comment", "pk": 110, "fields": {"content_type": 7, "object_id": 34, "text": "<p>3</p>", "comment_time": "2019-01-16T09:20:06.436Z", "user": 1, "root": null, "parent": null, "reply_to": null}}, {"model": "comment.comment", "pk": 111, "fields": {"content_type": 7, "object_id": 34, "text": "<p>33</p>", "comment_time": "2019-01-16T09:20:10.731Z", "user": 1, "root": 110, "parent": 110, "reply_to": 1}}, {"model": "comment.comment", "pk": 112, "fields": {"content_type": 7, "object_id": 34, "text": "<p>4</p>", "comment_time": "2019-01-16T09:21:11.404Z", "user": 1, "root": null, "parent": null, "reply_to": null}}, {"model": "comment.comment", "pk": 113, "fields": {"content_type": 7, "object_id": 34, "text": "<p>44</p>", "comment_time": "2019-01-16T09:21:15.765Z", "user": 1, "root": 112, "parent": 112, "reply_to": 1}}, {"model": "comment.comment", "pk": 114, "fields": {"content_type": 7, "object_id": 34, "text": "<p>444</p>", "comment_time": "2019-01-16T09:21:20.230Z", "user": 1, "root": 112, "parent": 113, "reply_to": 1}}, {"model": "comment.comment", "pk": 115, "fields": {"content_type": 7, "object_id": 34, "text": "<p>5</p>", "comment_time": "2019-01-16T09:22:52.810Z", "user": 1, "root": null, "parent": null, "reply_to": null}}, {"model": "comment.comment", "pk": 116, "fields": {"content_type": 7, "object_id": 34, "text": "<p>55</p>", "comment_time": "2019-01-16T09:22:55.446Z", "user": 1, "root": 115, "parent": 115, "reply_to": 1}}, {"model": "comment.comment", "pk": 117, "fields": {"content_type": 7, "object_id": 34, "text": "<p>555</p>", "comment_time": "2019-01-16T09:22:58.422Z", "user": 1, "root": 115, "parent": 116, "reply_to": 1}}, {"model": "comment.comment", "pk": 118, "fields": {"content_type": 7, "object_id": 34, "text": "<p>5555</p>", "comment_time": "2019-01-16T09:23:01.944Z", "user": 1, "root": 115, "parent": 117, "reply_to": 1}}, {"model": "comment.comment", "pk": 119, "fields": {"content_type": 7, "object_id": 35, "text": "<p>0000</p>", "comment_time": "2019-01-16T14:20:03.350Z", "user": 1, "root": null, "parent": null, "reply_to": null}}, {"model": "comment.comment", "pk": 120, "fields": {"content_type": 7, "object_id": 35, "text": "<p>123123</p>", "comment_time": "2019-01-17T11:41:21.506Z", "user": 1, "root": null, "parent": null, "reply_to": null}}, {"model": "comment.comment", "pk": 121, "fields": {"content_type": 7, "object_id": 35, "text": "<p>321321</p>", "comment_time": "2019-01-17T11:41:27.619Z", "user": 1, "root": 120, "parent": 120, "reply_to": 1}}, {"model": "comment.comment", "pk": 122, "fields": {"content_type": 7, "object_id": 35, "text": "<p>\u53d1\u53d1\u53d1</p>", "comment_time": "2019-01-17T11:43:51.900Z", "user": 1, "root": null, "parent": null, "reply_to": null}}, {"model": "comment.comment", "pk": 123, "fields": {"content_type": 7, "object_id": 35, "text": "<p>\u53e4\u53e4\u602a\u602a</p>", "comment_time": "2019-01-17T11:44:00.915Z", "user": 1, "root": 122, "parent": 122, "reply_to": 1}}, {"model": "comment.comment", "pk": 124, "fields": {"content_type": 7, "object_id": 35, "text": "<p>\u8bc4\u8bba\u6d4b\u8bd5</p>", "comment_time": "2019-01-18T15:06:08.798Z", "user": 1, "root": null, "parent": null, "reply_to": null}}, {"model": "comment.comment", "pk": 125, "fields": {"content_type": 7, "object_id": 35, "text": "<p>\u8bc4\u8bba\u90ae\u4ef6\u901a\u77e5\u6d4b\u8bd5</p>", "comment_time": "2019-01-18T15:07:09.845Z", "user": 1, "root": null, "parent": null, "reply_to": null}}, {"model": "comment.comment", "pk": 126, "fields": {"content_type": 7, "object_id": 35, "text": "<p>\u56de\u590d\u90ae\u4ef6\u901a\u77e5\u6d4b\u8bd5</p>", "comment_time": "2019-01-18T15:08:49.290Z", "user": 1, "root": 125, "parent": 125, "reply_to": 1}}, {"model": "comment.comment", "pk": 127, "fields": {"content_type": 7, "object_id": 35, "text": "<p>\u8bc4\u8bba\u90ae\u4ef6\u901a\u77e5\u6d4b\u8bd52</p>", "comment_time": "2019-01-18T15:20:15.096Z", "user": 1, "root": null, "parent": null, "reply_to": null}}, {"model": "comment.comment", "pk": 128, "fields": {"content_type": 7, "object_id": 35, "text": "<p>\u8bc4\u8bba\u90ae\u4ef6\u901a\u77e5\u6d4b\u8bd53</p>", "comment_time": "2019-01-18T15:20:54.403Z", "user": 1, "root": null, "parent": null, "reply_to": null}}, {"model": "likes.likerecord", "pk": 4, "fields": {"content_type": 7, "object_id": 34, "user": 1, "liked_time": "2019-01-16T09:30:38.156Z"}}, {"model": "likes.likerecord", "pk": 5, "fields": {"content_type": 12, "object_id": 115, "user": 1, "liked_time": "2019-01-16T09:30:46.338Z"}}, {"model": "likes.likerecord", "pk": 6, "fields": {"content_type": 7, "object_id": 35, "user": 1, "liked_time": "2019-01-16T09:31:09.124Z"}}, {"model": "user.profile", "pk": 1, "fields": {"user": 1, "nickname": "\u5317\u6728"}}, {"model": "admin.logentry", "pk": 1, "fields": {"action_time": "2018-12-25T03:51:55.470Z", "user": 1, "content_type": 8, "object_id": "1", "object_repr": "BlogType object (1)", "action_flag": 1, "change_message": "[{\"added\": {}}]"}}, {"model": "admin.logentry", "pk": 2, "fields": {"action_time": "2018-12-25T03:52:03.105Z", "user": 1, "content_type": 8, "object_id": "2", "object_repr": "BlogType object (2)", "action_flag": 1, "change_message": "[{\"added\": {}}]"}}, {"model": "admin.logentry", "pk": 3, "fields": {"action_time": "2018-12-25T03:52:08.861Z", "user": 1, "content_type": 8, "object_id": "3", "object_repr": "BlogType object (3)", "action_flag": 1, "change_message": "[{\"added\": {}}]"}}, {"model": "admin.logentry", "pk": 4, "fields": {"action_time": "2018-12-25T03:52:21.684Z", "user": 1, "content_type": 8, "object_id": "4", "object_repr": "BlogType object (4)", "action_flag": 1, "change_message": "[{\"added\": {}}]"}}, {"model": "admin.logentry", "pk": 5, "fields": {"action_time": "2018-12-25T03:54:32.387Z", "user": 1, "content_type": 7, "object_id": "1", "object_repr": "<Blog:\u968f\u7b14>", "action_flag": 1, "change_message": "[{\"added\": {}}]"}}, {"model": "admin.logentry", "pk": 6, "fields": {"action_time": "2018-12-25T06:24:47.280Z", "user": 1, "content_type": 7, "object_id": "2", "object_repr": "Blog object (2)", "action_flag": 1, "change_message": "[{\"added\": {}}]"}}, {"model": "admin.logentry", "pk": 7, "fields": {"action_time": "2018-12-25T06:34:41.859Z", "user": 1, "content_type": 7, "object_id": "2", "object_repr": "Blog object (2)", "action_flag": 2, "change_message": "[{\"changed\": {\"fields\": [\"content\"]}}]"}}, {"model": "admin.logentry", "pk": 8, "fields": {"action_time": "2018-12-25T07:16:13.081Z", "user": 1, "content_type": 7, "object_id": "3", "object_repr": "Blog object (3)", "action_flag": 1, "change_message": "[{\"added\": {}}]"}}, {"model": "admin.logentry", "pk": 9, "fields": {"action_time": "2018-12-26T14:02:05.816Z", "user": 1, "content_type": 7, "object_id": "4", "object_repr": "Blog object (4)", "action_flag": 1, "change_message": "[{\"added\": {}}]"}}, {"model": "admin.logentry", "pk": 10, "fields": {"action_time": "2018-12-28T02:44:01.916Z", "user": 1, "content_type": 7, "object_id": "5", "object_repr": "<Blog:>", "action_flag": 3, "change_message": ""}}, {"model": "admin.logentry", "pk": 11, "fields": {"action_time": "2019-01-03T03:55:14.168Z", "user": 1, "content_type": 7, "object_id": "36", "object_repr": "<for 29>", "action_flag": 2, "change_message": "[{\"changed\": {\"fields\": [\"content\"]}}]"}}, {"model": "admin.logentry", "pk": 12, "fields": {"action_time": "2019-01-03T07:39:00.608Z", "user": 1, "content_type": 7, "object_id": "36", "object_repr": "<for 29>", "action_flag": 2, "change_message": "[{\"changed\": {\"fields\": [\"content\"]}}]"}}, {"model": "admin.logentry", "pk": 13, "fields": {"action_time": "2019-01-03T08:49:11.787Z", "user": 1, "content_type": 9, "object_id": "1", "object_repr": "ReadNum object (1)", "action_flag": 1, "change_message": "[{\"added\": {}}]"}}, {"model": "admin.logentry", "pk": 14, "fields": {"action_time": "2019-01-03T09:48:41.134Z", "user": 1, "content_type": 10, "object_id": "1", "object_repr": "ReadNum object (1)", "action_flag": 1, "change_message": "[{\"added\": {}}]"}}, {"model": "admin.logentry", "pk": 15, "fields": {"action_time": "2019-01-03T10:08:46.023Z", "user": 1, "content_type": 10, "object_id": "1", "object_repr": "ReadNum object (1)", "action_flag": 2, "change_message": "[{\"changed\": {\"fields\": [\"read_num\"]}}]"}}, {"model": "admin.logentry", "pk": 16, "fields": {"action_time": "2019-01-05T06:43:42.719Z", "user": 1, "content_type": 11, "object_id": "1", "object_repr": "ReadDetail object (1)", "action_flag": 1, "change_message": "[{\"added\": {}}]"}}, {"model": "admin.logentry", "pk": 17, "fields": {"action_time": "2019-01-05T06:48:37.078Z", "user": 1, "content_type": 11, "object_id": "1", "object_repr": "ReadDetail object (1)", "action_flag": 3, "change_message": ""}}, {"model": "admin.logentry", "pk": 18, "fields": {"action_time": "2019-01-05T06:48:53.968Z", "user": 1, "content_type": 11, "object_id": "3", "object_repr": "ReadDetail object (3)", "action_flag": 2, "change_message": "[{\"changed\": {\"fields\": [\"date\"]}}]"}}, {"model": "admin.logentry", "pk": 19, "fields": {"action_time": "2019-01-05T07:05:11.660Z", "user": 1, "content_type": 11, "object_id": "3", "object_repr": "ReadDetail object (3)", "action_flag": 2, "change_message": "[{\"changed\": {\"fields\": [\"date\"]}}]"}}, {"model": "admin.logentry", "pk": 20, "fields": {"action_time": "2019-01-05T07:05:20.321Z", "user": 1, "content_type": 11, "object_id": "2", "object_repr": "ReadDetail object (2)", "action_flag": 2, "change_message": "[{\"changed\": {\"fields\": [\"date\"]}}]"}}, {"model": "admin.logentry", "pk": 21, "fields": {"action_time": "2019-01-05T07:05:31.443Z", "user": 1, "content_type": 11, "object_id": "2", "object_repr": "ReadDetail object (2)", "action_flag": 2, "change_message": "[{\"changed\": {\"fields\": [\"date\"]}}]"}}, {"model": "admin.logentry", "pk": 22, "fields": {"action_time": "2019-01-05T07:14:12.928Z", "user": 1, "content_type": 11, "object_id": "3", "object_repr": "ReadDetail object (3)", "action_flag": 3, "change_message": ""}}, {"model": "admin.logentry", "pk": 23, "fields": {"action_time": "2019-01-05T07:14:25.798Z", "user": 1, "content_type": 11, "object_id": "2", "object_repr": "ReadDetail object (2)", "action_flag": 3, "change_message": ""}}, {"model": "admin.logentry", "pk": 24, "fields": {"action_time": "2019-01-05T07:33:59.095Z", "user": 1, "content_type": 11, "object_id": "6", "object_repr": "ReadDetail object (6)", "action_flag": 3, "change_message": ""}}, {"model": "admin.logentry", "pk": 25, "fields": {"action_time": "2019-01-05T07:34:01.370Z", "user": 1, "content_type": 11, "object_id": "5", "object_repr": "ReadDetail object (5)", "action_flag": 3, "change_message": ""}}, {"model": "admin.logentry", "pk": 26, "fields": {"action_time": "2019-01-05T07:34:04.144Z", "user": 1, "content_type": 11, "object_id": "4", "object_repr": "ReadDetail object (4)", "action_flag": 3, "change_message": ""}}, {"model": "admin.logentry", "pk": 27, "fields": {"action_time": "2019-01-05T07:34:21.595Z", "user": 1, "content_type": 11, "object_id": "7", "object_repr": "ReadDetail object (7)", "action_flag": 1, "change_message": "[{\"added\": {}}]"}}, {"model": "admin.logentry", "pk": 28, "fields": {"action_time": "2019-01-05T07:40:33.889Z", "user": 1, "content_type": 11, "object_id": "8", "object_repr": "ReadDetail object (8)", "action_flag": 1, "change_message": "[{\"added\": {}}]"}}, {"model": "admin.logentry", "pk": 29, "fields": {"action_time": "2019-01-05T08:20:09.311Z", "user": 1, "content_type": 11, "object_id": "8", "object_repr": "ReadDetail object (8)", "action_flag": 3, "change_message": ""}}, {"model": "admin.logentry", "pk": 30, "fields": {"action_time": "2019-01-05T08:20:11.861Z", "user": 1, "content_type": 11, "object_id": "7", "object_repr": "ReadDetail object (7)", "action_flag": 3, "change_message": ""}}, {"model": "admin.logentry", "pk": 31, "fields": {"action_time": "2019-01-05T08:55:51.470Z", "user": 1, "content_type": 11, "object_id": "9", "object_repr": "ReadDetail object (9)", "action_flag": 2, "change_message": "[{\"changed\": {\"fields\": [\"date\"]}}]"}}, {"model": "admin.logentry", "pk": 32, "fields": {"action_time": "2019-01-05T08:55:59.632Z", "user": 1, "content_type": 11, "object_id": "9", "object_repr": "ReadDetail object (9)", "action_flag": 3, "change_message": ""}}, {"model": "admin.logentry", "pk": 33, "fields": {"action_time": "2019-01-05T08:56:15.785Z", "user": 1, "content_type": 11, "object_id": "10", "object_repr": "ReadDetail object (10)", "action_flag": 1, "change_message": "[{\"added\": {}}]"}}, {"model": "admin.logentry", "pk": 34, "fields": {"action_time": "2019-01-05T08:59:56.472Z", "user": 1, "content_type": 11, "object_id": "11", "object_repr": "ReadDetail object (11)", "action_flag": 2, "change_message": "[{\"changed\": {\"fields\": [\"date\"]}}]"}}, {"model": "admin.logentry", "pk": 35, "fields": {"action_time": "2019-01-05T09:00:05.621Z", "user": 1, "content_type": 11, "object_id": "11", "object_repr": "ReadDetail object (11)", "action_flag": 2, "change_message": "[{\"changed\": {\"fields\": [\"date\"]}}]"}}, {"model": "admin.logentry", "pk": 36, "fields": {"action_time": "2019-01-05T10:02:16.613Z", "user": 1, "content_type": 11, "object_id": "11", "object_repr": "ReadDetail object (11)", "action_flag": 2, "change_message": "[{\"changed\": {\"fields\": [\"date\"]}}]"}}, {"model": "admin.logentry", "pk": 37, "fields": {"action_time": "2019-01-05T10:02:43.359Z", "user": 1, "content_type": 11, "object_id": "10", "object_repr": "ReadDetail object (10)", "action_flag": 2, "change_message": "[{\"changed\": {\"fields\": [\"read_num\"]}}]"}}, {"model": "admin.logentry", "pk": 38, "fields": {"action_time": "2019-01-11T09:16:14.685Z", "user": 1, "content_type": 12, "object_id": "29", "object_repr": "<<p><img alt=\"cheeky\" height=\"23\" src=\"http://localhost:8000/static/ckeditor/ckeditor/plugins/smiley/images/tongue_smile.png\" title=\"cheeky\" width=\"23\" /></p>>", "action_flag": 2, "change_message": "[{\"changed\": {\"fields\": [\"root\", \"parent\", \"reply_to\"]}}]"}}, {"model": "admin.logentry", "pk": 39, "fields": {"action_time": "2019-01-11T09:16:38.233Z", "user": 1, "content_type": 12, "object_id": "29", "object_repr": "<00000>", "action_flag": 2, "change_message": "[{\"changed\": {\"fields\": [\"text\"]}}]"}}, {"model": "admin.logentry", "pk": 40, "fields": {"action_time": "2019-01-11T12:33:24.438Z", "user": 1, "content_type": 12, "object_id": "19", "object_repr": "<<p>\u554a\u554a\u554a</p>>", "action_flag": 2, "change_message": "[{\"changed\": {\"fields\": [\"root\", \"parent\", \"reply_to\"]}}]"}}, {"model": "admin.logentry", "pk": 41, "fields": {"action_time": "2019-01-11T12:34:03.444Z", "user": 1, "content_type": 12, "object_id": "29", "object_repr": "<00000>", "action_flag": 2, "change_message": "[{\"changed\": {\"fields\": [\"root\", \"parent\"]}}]"}}, {"model": "admin.logentry", "pk": 42, "fields": {"action_time": "2019-01-16T07:48:44.677Z", "user": 1, "content_type": 7, "object_id": "36", "object_repr": "<for 29>", "action_flag": 3, "change_message": ""}}, {"model": "admin.logentry", "pk": 43, "fields": {"action_time": "2019-01-16T07:51:30.839Z", "user": 1, "content_type": 12, "object_id": "1", "object_repr": "<123>", "action_flag": 3, "change_message": ""}}, {"model": "admin.logentry", "pk": 44, "fields": {"action_time": "2019-01-17T08:12:38.968Z", "user": 1, "content_type": 4, "object_id": "1", "object_repr": "vous", "action_flag": 2, "change_message": "[{\"changed\": {\"fields\": [\"last_login\"]}}, {\"added\": {\"name\": \"profile\", \"object\": \"<Profile>: \\u5317\\u6728 for vous\"}}]"}}, {"model": "admin.logentry", "pk": 45, "fields": {"action_time": "2019-01-18T07:46:32.906Z", "user": 1, "content_type": 4, "object_id": "2", "object_repr": "vous1", "action_flag": 2, "change_message": "[{\"changed\": {\"fields\": [\"email\", \"last_login\"]}}]"}}]